{
  "type": "coverage",
  "details": {
    "robots": ["uav1", "uav2"],
    "search_area": [
      {
        "x": 47.397978,
        "y": 8.545299
      },
      {
        "x": 47.397848,
        "y": 8.545872
      },
      {
        "x": 47.397551,
        "y": 8.54572
      },
      {
        "x": 47.397699,
        "y": 8.545129
      }
    ],
    "height_id": 0,
    "height": 10,
    "terminal_action": 0
  }
}
